SNP,Beta,P,-log10P,pval_score,effect_score,pip,pip_score,combined_score
snp_1,-1.093821511703979,1.9314427568535555e-09,8.714118158733774,0.9999999999999999,0.9014326665468624,0.0,0.0,0.6802865333093724
snp_0,-1.2131306536007274,3.555580959414121e-07,6.449089428167993,0.7399658805835052,0.9999999999999999,0.0,0.0,0.5699829402917526
snp_15,-1.1185169925054157,0.0322397292196655,1.4916086144754745,0.17082777627756338,0.9218348557860352,0.0,0.0,0.2697808592959887
snp_41,-0.8089713082378389,0.0247122891061561,1.6070870239169555,0.18408514741176182,0.6661034659266852,0.0,0.0,0.22526326689121795
snp_92,-0.6211915859958512,0.0072345312138188,2.1405896052288056,0.24533332147055217,0.51096911323826,0.0,0.0,0.22486048338292808
snp_91,-0.7893208721277525,0.0617521995917472,1.2093475683752628,0.1384231089204684,0.6498692439905434,0.0,0.0,0.19918540325834289
snp_58,-0.7259697529518946,0.1264735039612713,0.8980004491022953,0.10267924708751702,0.5975316712851745,0.0,0.0,0.17084595780079342
snp_50,0.6208057191571763,0.0704881548138056,1.1518838579194404,0.13182605116789337,0.5106503290717533,0.0,0.0,0.16804309139829737
snp_27,-0.4542558939244528,0.0565194347994073,1.2478021897945673,0.1428378492208114,0.37305507107817426,0.0,0.0,0.14602993882604057
snp_83,-0.3869281913779653,0.0477019578966799,1.321463795251838,0.15129448840220586,0.3174322411589344,0.0,0.0,0.1391336924328898
snp_38,0.3923447836484804,0.0560674479224602,1.2512892116635448,0.14323817291156615,0.321907162761921,0.0,0.0,0.1360005190081673
snp_28,0.4018717099791617,0.0776937454000325,1.1096139419144848,0.12697330019046438,0.32977783980720893,0.0,0.0,0.129442218056674
snp_66,0.4088352830543406,0.0930662347049335,1.0312078565174552,0.11797197623462283,0.3355308007154388,0.0,0.0,0.12609214826039916
snp_31,0.3606008151160088,0.079031497157654,1.1021997907907648,0.12612212676707218,0.2956818603104639,0.0,0.0,0.12219743544562887
snp_17,0.369974400892985,0.0854313578099288,1.0683826910890644,0.12223979202072441,0.30342585494693847,0.0,0.0,0.1218050669997499
snp_33,-0.3937589047798,0.1254911613494267,0.9013868615323334,0.10306802042285837,0.3230754399524026,0.0,0.0,0.11614909820190972
snp_4,0.3342940463559133,0.1343984548035593,0.8716057243933939,0.09964902989675957,0.2739485043644886,0.0,0.0,0.1046142158212775
snp_56,-0.3127427277878509,0.1178862882639468,0.9285367061653899,0.10618492832172109,0.25614386701749164,0.0,0.0,0.10432123756435888
snp_64,0.3042420425837208,0.1259270528695242,0.8998809605207627,0.10289513712200313,0.24912101981756152,0.0,0.0,0.10127177252451387
snp_35,-0.3975511786557062,0.2377519982885067,0.6238758241612126,0.07120867256675768,0.3262084297445474,0.0,0.0,0.10084602223228833
snp_21,0.3345660056504311,0.1593571743801944,0.797628379484941,0.0911561425967231,0.2741731837314026,0.0,0.0,0.10041270804464207
snp_8,-0.3444310777839164,0.1721047328787107,0.7642071864136094,0.08731925947339886,0.2823232201750642,0.0,0.0,0.10012427377171228
snp_95,-0.3607746860603824,0.1966008364500822,0.706414638767961,0.08068444993077634,0.29582550391630524,0.0,0.0,0.09950732574864922
snp_6,-0.3672153924058168,0.2159225374406165,0.6657020247558063,0.0760104832870288,0.30114649809941296,0.0,0.0,0.098234541263397
snp_96,0.3453011440560423,0.1997378534144927,0.6995396218034868,0.07989517120852192,0.2830420260520286,0.0,0.0,0.09655599081466668
snp_67,-0.3475180405214193,0.2322728285059705,0.6340015914055668,0.07237115008117946,0.2848735166625554,0.0,0.0,0.09316027837310081
snp_74,-0.3271940552142318,0.2067376289364453,0.6845804689356725,0.07817780220092121,0.2680828415724279,0.0,0.0,0.09270546941494619
snp_46,-0.2926345152610676,0.1670175491010863,0.7772378936587471,0.08881523541319063,0.23953145276520188,0.0,0.0,0.0923139082596357
snp_54,0.2983229881647998,0.1767221549726781,0.7527090012615846,0.08599922303829909,0.24423098874901225,0.0,0.0,0.091845809268952
snp_49,-0.296260181625044,0.1796042430218399,0.7456834076508692,0.08519265753063589,0.24252679964144677,0.0,0.0,0.0911016886936073
snp_20,-0.2666762766812171,0.1581453170966881,0.8009436636229252,0.09153675012712774,0.21808603527849746,0.0,0.0,0.08938558211926337
snp_53,-0.285602704758873,0.1908141511162057,0.7193894203877657,0.0821740053909777,0.2337221174575277,0.0,0.0,0.08783142618699438
snp_12,0.3419917994598239,0.2817839760236568,0.550083707189649,0.06273705015524574,0.2803080086318959,0.0,0.0,0.08743012680400206
snp_69,-0.2801770489676501,0.232924248209229,0.6327852975739678,0.07223151481245925,0.22923970802038474,0.0,0.0,0.08196369901030658
snp_87,0.265778957028936,0.21856817165304,0.6604130806381997,0.07540329190455068,0.21734471400190172,0.0,0.0,0.08117058875265569
snp_86,-0.2913408941040136,0.3083325369359626,0.5109806437258089,0.05824786618283445,0.23846272671519203,0.0,0.0,0.07681647843445563
snp_13,-0.2322500942820627,0.2405984969794057,0.618707090028548,0.07061528175870832,0.18964481991050341,0.0,0.0,0.07323660486145485
snp_26,-0.3201966906367207,0.467396663361037,0.3303143922627094,0.037506676910700525,0.26230196379022414,0.0,0.0,0.0712137312133951
snp_29,-0.241009852023306,0.3333493635170024,0.4771003697609089,0.05435827878503941,0.19688170007344225,0.0,0.0,0.06655547940720816
snp_34,0.2156023335388525,0.2833839969140918,0.5476246786056339,0.062454744097121415,0.17589126038994188,0.0,0.0,0.06640562412654909
snp_77,0.2114507571040605,0.2759398670690552,0.5591855492587777,0.06378197707187813,0.1724614325301584,0.0,0.0,0.06638327504197075
snp_43,0.2194419141293156,0.2994285497147929,0.5237067931964713,0.05970887770401713,0.17906333265836782,0.0,0.0,0.06566710538368213
snp_71,0.2074937301834007,0.2890453404909431,0.5390340272069847,0.06146850386029058,0.1691923318915061,0.0,0.0,0.06457271830844652
snp_5,0.2436711139761597,0.3727773816591917,0.42855044642160683,0.04878455850815787,0.19908030355128878,0.0,0.0,0.0642083399643367
snp_11,0.2341440749993291,0.3974407441306885,0.4007276127066087,0.0455903888417343,0.19120953344330352,0.0,0.0,0.061037101109527855
snp_36,0.196197621812112,0.3284449688719834,0.4835373862787017,0.05509727335022339,0.15986004382996621,0.0,0.0,0.05952064544110494
snp_60,0.2116546586919037,0.3933232684021522,0.40525036063387565,0.04610961791761267,0.17262988597371728,0.0,0.0,0.05758078615354979
snp_24,0.2131801473124028,0.3994283529752124,0.39856111046271614,0.04534166594669899,0.17389016949554353,0.0,0.0,0.057448866872458204
snp_42,-0.1931880192131508,0.3626992958934317,0.4404532875127394,0.05015105102099853,0.1573736584766128,0.0,0.0,0.056550257205821824
snp_19,-0.2132503266427441,0.4289562428599406,0.3675870072411411,0.041785718268310824,0.17394814819981796,0.0,0.0,0.05568248877411901
snp_79,0.1952052563108586,0.394297657386604,0.40417580316287466,0.045986254535080935,0.15904020035683084,0.0,0.0,0.05480116733890664
snp_51,-0.2014621426569079,0.4751590006850936,0.3231610397111924,0.036685444179076494,0.16420933151513842,0.0,0.0,0.05118458839256593
snp_55,-0.1767399605949663,0.4096005149588044,0.387639506027278,0.04408782322335524,0.14378508301038084,0.0,0.0,0.05080092821375379
snp_18,-0.1793958190916635,0.4245932924687905,0.372026870902005,0.042295431907613604,0.14597922241903447,0.0,0.0,0.0503435604376137
snp_89,0.1762589216220628,0.4213385184820641,0.37536883615076777,0.04267910253344513,0.1433876723166792,0.0,0.0,0.050017085730058405
snp_70,0.1883739459698681,0.4824142116497896,0.3165799066096774,0.0359299044688196,0.1533965084016494,0.0,0.0,0.048644253914739685
snp_40,0.1683361490330843,0.4279329537482031,0.368624268599166,0.04190479991182331,0.13684226803972074,0.0,0.0,0.048320853563855806
snp_82,0.1668855108082982,0.4354661014153097,0.3610456467212356,0.04103474460531691,0.13564382222618784,0.0,0.0,0.04764613674789603
snp_75,-0.1977433741324985,0.5432526591470375,0.2649981391904871,0.03000811668405929,0.16113706822203966,0.0,0.0,0.04723147198643758
snp_47,-0.1993714986954226,0.6292380769710004,0.20118500486940513,0.022682120343940397,0.16248214450157455,0.0,0.0,0.043837489072285116
snp_81,-0.1836220690814119,0.5998015325268263,0.22199242892811927,0.025070893660330867,0.149470741889993,0.0,0.0,0.042429595208164035
snp_72,-0.1408260849950691,0.5020830512829402,0.29922443877010724,0.03393742917001991,0.11411480883379622,0.0,0.0,0.0397916763517692
snp_57,0.1411420002910387,0.5193524937192191,0.2845377787328687,0.03225134340059182,0.11437580248294786,0.0,0.0,0.03900083219688548
snp_25,0.1555682128013158,0.5722844622948653,0.24238804516483298,0.027412389834971372,0.12629402833186798,0.0,0.0,0.03896500058385928
snp_85,0.138055964145888,0.5705808446605547,0.24368281241581724,0.027561034157851508,0.11182627150039542,0.0,0.0,0.03614577137900484
snp_90,-0.1329854246551678,0.5621326503328495,0.2501611888618804,0.02830477700387704,0.10763724165051482,0.0,0.0,0.035679836832041484
snp_7,0.1196634440265196,0.5737234140506687,0.24129742589669803,0.02728718249557604,0.09663127776539536,0.0,0.0,0.03296984680086709
snp_65,-0.1362456591915462,0.6481165972327605,0.1883468568151592,0.02120825094918418,0.11033068675936278,0.0,0.0,0.03267026282646465
snp_68,0.1139279664250734,0.5957499345256825,0.2249359967114876,0.025408826705577384,0.09189290881673598,0.0,0.0,0.031082995116135888
snp_23,0.1267905095462252,0.6713405899681981,0.173057094113613,0.019452926645112063,0.10251930807434796,0.0,0.0,0.030230324937425626
snp_52,0.0813522685050227,0.6703111532796585,0.17372355433816603,0.01952943887441808,0.06498047253307661,0.0,0.0,0.022760813943824364
snp_98,0.0812401781148602,0.6748525069566089,0.17079113444927224,0.01919278565087268,0.06488786897656457,0.0,0.0,0.02257396662074925
snp_48,0.0786303177359779,0.6902747232696078,0.1609780294735184,0.01806620298254848,0.06273173094605179,0.0,0.0,0.0215794476804846
snp_63,0.0781126996221128,0.7157572818478756,0.14523422493365892,0.01625875290717343,0.06230410036871616,0.0,0.0,0.02059019652732995
snp_94,0.0781337189990432,0.7162944945364125,0.14490838683055168,0.01622134542396121,0.062321465542096326,0.0,0.0,0.020574965820399874
snp_88,0.0768847641230197,0.7761229081419072,0.11006949768376152,0.01222170526996125,0.06128964057230928,0.0,0.0,0.01836878074944248
snp_61,0.0762134698440785,0.7767616289691928,0.10971223616201854,0.012180690255911241,0.06073505032058454,0.0,0.0,0.018237355192072528
snp_45,-0.0622736384653306,0.7482765041118586,0.12593789141303421,0.014043458669493159,0.049218648593559795,0.0,0.0,0.01686545905345854
snp_30,0.0762926022337268,0.8346229057125797,0.07850970051567084,0.008598517645529786,0.060800425601249604,0.0,0.0,0.016459343943014813
snp_59,-0.061334048666651,0.7637027749290245,0.11707563137700903,0.013026036703312552,0.04844240580509211,0.0,0.0,0.0162014995126747
snp_9,-0.0683018967348963,0.8115547654724407,0.0906821677170441,0.009995964285884151,0.054198898501920834,0.0,0.0,0.015837761843326244
snp_39,0.0589685712784259,0.8090504441026307,0.09202439938595242,0.010150057708792001,0.04648816495821033,0.0,0.0,0.014372661846038066
snp_22,0.055320526278621,0.8672646625485677,0.06184834895479431,0.006685729598757881,0.04347432995586823,0.0,0.0,0.012037730790552587
snp_2,0.048946437376798,0.8749718766456183,0.05800590585072311,0.006244602166027455,0.038208371821749305,0.0,0.0,0.01076397544736359
snp_80,0.0445367956371865,0.8558571823869112,0.06759870036498361,0.0073458923353737935,0.03456534312464152,0.0,0.0,0.0105860147926152
snp_73,-0.0394436731221126,0.8670902664090122,0.061935688956618475,0.006695756571112667,0.030357656292936522,0.0,0.0,0.009419409544143638
snp_76,-0.037084424787415,0.8575330958659506,0.06674910968217375,0.007248356016258875,0.028408561583109965,0.0,0.0,0.009305890324751431
snp_62,-0.0437217678187753,0.9011462112545916,0.04520473888837614,0.00477497834464399,0.033892007305828545,0.0,0.0,0.009165890633487704
snp_32,-0.0413580279945,0.8930761514156975,0.049111507819653136,0.005223490632854381,0.03193920194865454,0.0,0.0,0.008999585706158098
snp_78,-0.033255708961428,0.8743954712577835,0.05829210038686221,0.006277458413359979,0.02524546524767609,0.0,0.0,0.008187822256215208
snp_37,-0.033401589886607,0.877583434284503,0.05671158332159878,0.006096008898948805,0.02536598487901343,0.0,0.0,0.00812120142527709
snp_10,0.0331217202883432,0.88897962253664,0.051108193946907576,0.005452717976351276,0.025134770408966053,0.0,0.0,0.00775331306996885
snp_16,-0.0282141242597105,0.8840556143611202,0.05352041343667603,0.005729650168158205,0.02108035641757085,0.0,0.0,0.007080896367593273
snp_3,0.0261382228524323,0.9051137552752686,0.04329683495646735,0.004555943542934766,0.01936534897577645,0.0,0.0,0.006151041566622674
snp_44,-0.0240473612763725,0.9249286215108936,0.033891781293455374,0.003476206754467936,0.017637982179775247,0.0,0.0,0.005265699813189017
snp_93,0.0172317498168345,0.9335610358724123,0.029857282775383527,0.0030130306122510067,0.012007259866805394,0.0,0.0,0.003907967279486582
snp_97,-0.0158961552707026,0.941879798900163,0.02600451759485566,0.0025707181649440606,0.010903857471197665,0.0,0.0,0.0034661305767115635
snp_14,-0.0150918620566806,0.943861999548383,0.025091498515238887,0.0024659000188540095,0.010239390053527277,0.0,0.0,0.0032808280201324603
snp_84,-0.0131586076469034,0.9485714959371444,0.022929929803482817,0.0022177435125216,0.008642230531391354,0.0,0.0,0.0028373178625390708
snp_99,-0.0026977676033366,0.991716954723592,0.0036122618599096637,0.0,0.0,0.0,0.0,0.0
